date,active_kcal
2021-06-12,493
2021-06-13,510
2021-06-14,661
2021-06-15,778
2021-06-16,560
2021-06-17,654
2021-06-18,554
2021-06-19,465
2021-06-20,407
2021-06-21,694
2021-06-22,509
2021-06-23,454
2021-06-24,517
2021-06-25,672
2021-06-26,631
2021-06-27,370
2021-06-28,596
2021-06-29,526
2021-06-30,573
2021-07-01,622
2021-07-02,599
2021-07-03,680
2021-07-04,614
2021-07-05,660
2021-07-06,733
2021-07-07,645
2021-07-08,570
2021-07-09,536
2021-07-10,537
2021-07-11,540
2021-07-12,581
2021-07-13,683
2021-07-14,473
2021-07-15,415
2021-07-16,543
2021-07-17,594
2021-07-18,400
2021-07-19,697
2021-07-20,491
2021-07-21,508
2021-07-22,478
2021-07-23,599
2021-07-24,554
2021-07-25,486
2021-07-26,545
2021-07-27,580
2021-07-28,548
2021-07-29,625
2021-07-30,549
2021-07-31,391
2021-08-01,564
2021-08-02,620
2021-08-03,772
2021-08-04,707
2021-08-05,488
2021-08-06,469
2021-08-07,436
2021-08-08,489
2021-08-09,635
2021-08-10,701
2021-08-11,560
2021-08-12,601
2021-08-13,623
2021-08-14,659
2021-08-15,440
2021-08-16,694
2021-08-17,736
2021-08-18,720
2021-08-19,693
2021-08-20,544
2021-08-21,433
2021-08-22,319
2021-08-23,595
2021-08-24,843
2021-08-25,650
2021-08-26,742
2021-08-27,572
2021-08-28,617
2021-08-29,571
2021-08-30,631
2021-08-31,728
2021-09-01,625
2021-09-02,716
2021-09-03,599
2021-09-04,420
2021-09-05,523
2021-09-06,634
2021-09-07,710
2021-09-08,631
2021-09-09,693
2021-09-10,729
2021-09-11,738
2021-09-12,631
2021-09-13,563
2021-09-14,694
2021-09-15,659
2021-09-16,606
2021-09-17,680
2021-09-18,486
2021-09-19,578
2021-09-20,675
2021-09-21,781
2021-09-22,645
2021-09-23,717
2021-09-24,624
2021-09-25,688
2021-09-26,605
2021-09-27,569
2021-09-28,669
2021-09-29,766
2021-09-30,679
2021-10-01,541
2021-10-02,822
2021-10-03,565
2021-10-04,498
2021-10-05,728
2021-10-06,759
2021-10-07,648
2021-10-08,615
2021-10-09,683
2021-10-10,482
2021-10-11,772
2021-10-12,609
2021-10-13,709
2021-10-14,678
2021-10-15,641
2021-10-16,485
2021-10-17,646
2021-10-18,479
2021-10-19,588
2021-10-20,578
2021-10-21,659
2021-10-22,696
2021-10-23,571
2021-10-24,384
2021-10-25,549
2021-10-26,706
2021-10-27,536
2021-10-28,731
2021-10-29,771
2021-10-30,673
2021-10-31,816
2021-11-01,523
2021-11-02,598
2021-11-03,570
2021-11-04,549
2021-11-05,586
2021-11-06,610
2021-11-07,603
2021-11-08,602
2021-11-09,635
2021-11-10,607
2021-11-11,724
2021-11-12,645
2021-11-13,688
2021-11-14,601
2021-11-15,641
2021-11-16,741
2021-11-17,678
2021-11-18,612
2021-11-19,601
2021-11-20,806
2021-11-21,606
2021-11-22,616
2021-11-23,639
2021-11-24,707
2021-11-25,282
2021-11-26,573
2021-11-27,498
2021-11-28,525
2021-11-29,821
2021-11-30,740
2021-12-01,607
2021-12-02,538
2021-12-03,596
2021-12-04,479
2021-12-05,492
2021-12-06,623
2021-12-07,636
2021-12-08,532
2021-12-09,550
2021-12-10,596
2021-12-11,591
2021-12-12,629
2021-12-13,589
2021-12-14,88
2021-12-15,552
2021-12-16,601
2021-12-17,636
2021-12-18,527
2021-12-19,720
2021-12-20,541
2021-12-21,439
2021-12-22,392
2021-12-23,472
2021-12-24,802
2021-12-25,654
2021-12-26,476
2021-12-27,366
2021-12-28,382
2021-12-29,156
2021-12-30,386
2021-12-31,329
2022-01-01,410
2022-01-02,495
2022-01-03,66
2022-01-04,494
2022-01-05,357
2022-01-06,329
2022-01-07,497
2022-01-08,436
2022-01-09,341
2022-01-10,564
2022-01-11,450
2022-01-12,407
2022-01-13,390
2022-01-14,428
2022-01-15,617
2022-01-16,458
2022-01-17,454
2022-01-18,644
2022-01-19,687
2022-01-20,497
2022-01-21,429
2022-01-22,535
2022-01-23,433
2022-01-24,631
2022-01-25,599
2022-01-26,943
2022-01-27,9
2022-01-28,678
2022-01-29,484
2022-01-30,478
2022-01-31,676
2022-02-01,548
2022-02-02,490
2022-02-03,450
2022-02-04,528
2022-02-05,457
2022-02-06,417
2022-02-07,780
2022-02-08,516
2022-02-09,907
2022-02-10,527
2022-02-11,547
2022-02-12,633
2022-02-13,506
2022-02-14,606
2022-02-15,654
2022-02-16,639
2022-02-17,447
2022-02-18,511
2022-02-19,524
2022-02-20,615
2022-02-21,436
2022-02-22,548
2022-02-23,425
2022-02-24,700
2022-02-25,684
2022-02-26,515
2022-02-27,473
2022-02-28,617
2022-03-01,502
2022-03-02,626
2022-03-03,502
2022-03-04,193
2022-03-05,413
2022-03-06,20
2022-03-07,664
2022-03-08,612
2022-03-09,711
2022-03-10,655
2022-03-11,333
2022-03-12,236
2022-03-13,547
2022-03-14,45
2022-03-15,621
2022-03-16,602
2022-03-17,375
2022-03-18,826
2022-03-19,526
2022-03-20,761
2022-03-21,417
2022-03-22,599
2022-03-23,233
2022-03-24,458
2022-03-25,509
2022-03-26,581
2022-03-27,529
2022-03-28,635
2022-03-29,432
2022-03-30,316
2022-03-31,394
2022-04-01,574
2022-04-02,38
2022-04-03,166
2022-04-04,360
2022-04-05,438
2022-04-06,455
2022-04-07,557
2022-04-09,429
2022-04-10,497
2022-04-11,548
2022-04-12,531
2022-04-13,504
2022-04-14,534
2022-04-15,501
2022-04-16,372
2022-04-17,352
2022-04-18,411
2022-04-19,648
2022-04-20,528
2022-04-21,674
2022-04-22,500
2022-04-23,359
2022-04-24,128
2022-04-25,383
2022-04-26,259
2022-04-27,628
2022-04-28,424
2022-04-29,761
2022-04-30,505
2022-05-01,397
2022-05-02,496
2022-05-03,517
2022-05-04,618
2022-05-05,626
2022-05-06,774
2022-05-07,518
2022-05-08,599
2022-05-09,501
2022-05-10,499
2022-05-11,402
2022-05-12,312
2022-05-13,466
2022-05-14,818
2022-05-15,386
2022-05-16,559
2022-05-17,599
2022-05-18,541
2022-05-19,549
2022-05-20,404
2022-05-21,275
2022-05-22,358
2022-05-23,501
2022-05-24,441
2022-05-25,537
2022-05-26,405
2022-05-27,409
2022-05-28,536
2022-05-29,424
2022-05-30,342
2022-05-31,458
2022-06-01,519
2022-06-02,571
2022-06-03,418
2022-06-06,567
2022-06-07,644
2022-06-08,765
2022-06-09,656
2022-06-10,426
2022-06-11,438
2022-06-12,673
2022-06-13,550
2022-06-14,420
2022-06-15,698
2022-06-16,349
2022-06-17,712
2022-06-18,465
2022-06-19,739
2022-06-20,65
2022-06-21,646
2022-06-22,635
2022-06-23,608
2022-06-24,637
2022-06-25,525
2022-06-26,618
2022-06-27,748
2022-06-28,700
2022-06-29,700
2022-06-30,871
2022-07-01,411
2022-07-03,533
2022-07-04,632
2022-07-05,475
2022-07-06,588
2022-07-07,489
2022-07-08,488
2022-07-09,384
2022-07-10,314
2022-07-11,415
2022-07-12,417
2022-07-13,505
2022-07-14,569
2022-07-15,723
2022-07-16,405
2022-07-17,540
2022-07-18,635
2022-07-19,651
2022-07-20,520
2022-07-21,694
2022-07-22,654
2022-07-23,567
2022-07-24,539
2022-07-25,684
2022-07-26,343
2022-07-27,560
2022-07-28,598
2022-07-29,617
2022-07-30,572
2022-07-31,375
2022-08-01,54
2022-08-02,743
2022-08-03,436
2022-08-04,506
2022-08-05,421
2022-08-06,506
2022-08-07,565
2022-08-08,778
2022-08-09,544
2022-08-10,526
2022-08-11,564
2022-08-12,744
2022-08-13,511
2022-08-14,782
2022-08-15,594
2022-08-16,504
2022-08-17,608
2022-08-18,533
2022-08-19,707
2022-08-20,411
2022-08-21,556
2022-08-22,613
2022-08-23,531
2022-08-24,499
2022-08-25,475
2022-08-26,618
2022-08-27,467
2022-08-28,257
2022-08-29,555
2022-08-30,460
2022-08-31,540
2022-09-01,573
2022-09-02,397
2022-09-03,306
2022-09-04,253
2022-09-05,482
2022-09-06,509
2022-09-07,360
2022-09-08,530
2022-09-09,593
2022-09-10,592
2022-09-11,372
2022-09-12,492
2022-09-13,532
2022-09-14,519
2022-09-15,612
2022-09-16,458
2022-09-17,389
2022-09-18,560
2022-09-19,511
2022-09-20,524
2022-09-21,622
2022-09-22,394
2022-09-23,486
2022-09-24,514
2022-09-25,778
2022-09-26,600
2022-09-27,538
2022-09-28,633
2022-09-29,621
2022-09-30,627
2022-10-01,654
2022-10-02,493
2022-10-03,683
2022-10-04,636
2022-10-05,508
2022-10-06,579
2022-10-07,586
2022-10-08,501
2022-10-09,662
2022-10-10,632
2022-10-11,457
2022-10-12,670
2022-10-13,540
2022-10-14,537
2022-10-15,323
2022-10-16,477
2022-10-17,569
2022-10-18,603
2022-10-19,456
2022-10-20,504
2022-10-21,545
2022-10-22,359
2022-10-23,527
2022-10-24,512
2022-10-25,532
2022-10-26,678
2022-10-27,565
2022-10-28,512
2022-10-29,546
2022-10-30,422
2022-10-31,682
2022-11-01,519
2022-11-02,620
2022-11-03,559
2022-11-04,551
2022-11-05,504
2022-11-06,426
2022-11-07,558
2022-11-08,505
2022-11-09,651
2022-11-10,530
2022-11-11,441
2022-11-12,453
2022-11-13,442
2022-11-14,634
2022-11-15,811
2022-11-16,571
2022-11-17,431
2022-11-18,540
2022-11-19,396
2022-11-20,394
2022-11-21,551
2022-11-22,582
2022-11-23,454
2022-11-24,447
2022-11-25,796
2022-11-26,866
2022-11-27,237
2022-11-28,501
2022-11-29,401
2022-11-30,532
2022-12-01,723
2022-12-02,561
2022-12-03,623
2022-12-04,490
2022-12-05,484
2022-12-06,514
2022-12-07,461
2022-12-08,449
2022-12-09,476
2022-12-10,535
2022-12-11,318
2022-12-12,515
2022-12-13,463
2022-12-14,515
2022-12-15,511
2022-12-16,515
2022-12-17,126
2022-12-18,368
2022-12-19,512
2022-12-20,549
2022-12-21,512
2022-12-22,492
2022-12-23,354
2022-12-24,452
2022-12-25,411
2022-12-26,399
2022-12-27,381
2022-12-28,399
2022-12-29,429
2022-12-30,377
2022-12-31,286
2023-01-02,577
2023-01-03,483
2023-01-04,548
2023-01-05,480
2023-01-06,374
2023-01-07,371
2023-01-08,367
2023-01-09,547
2023-01-10,388
2023-01-11,501
2023-01-12,387
2023-01-13,470
2023-01-14,392
2023-01-15,440
2023-01-16,307
2023-01-17,350
2023-01-18,526
2023-01-19,415
2023-01-20,570
2023-01-21,208
2023-01-22,230
2023-01-23,526
2023-01-24,387
2023-01-25,449
2023-01-26,571
2023-01-27,446
2023-01-28,427
2023-01-29,411
2023-01-30,555
2023-01-31,621
2023-02-01,592
2023-02-02,373
2023-02-03,544
2023-02-04,417
2023-02-05,339
2023-02-06,616
2023-02-07,517
2023-02-08,581
2023-02-09,564
2023-02-10,574
2023-02-11,413
2023-02-12,406
2023-02-13,579
2023-02-14,681
2023-02-15,548
2023-02-16,472
2023-02-17,580
2023-02-18,782
2023-02-19,561
2023-02-20,544
2023-02-21,524
2023-02-22,535
2023-02-23,567
2023-02-24,550
2023-02-25,430
2023-02-26,422
2023-02-27,639
2023-02-28,615
2023-03-01,617
2023-03-02,685
2023-03-03,592
2023-03-04,464
2023-03-05,400
2023-03-06,433
2023-03-07,444
2023-03-08,574
2023-03-09,393
2023-03-10,673
2023-03-11,509
2023-03-12,549
2023-03-13,515
2023-03-14,591
2023-03-15,539
2023-03-16,554
2023-03-17,435
2023-03-18,265
2023-03-19,446
2023-03-20,652
2023-03-21,539
2023-03-22,545
2023-03-23,399
2023-03-24,508
2023-03-25,495
2023-03-26,508
2023-03-27,562
2023-03-28,511
2023-03-29,574
2023-03-30,472
2023-03-31,663
2023-04-01,294
2023-04-02,710
2023-04-03,781
2023-04-04,568
2023-04-05,649
2023-04-06,496
2023-04-07,436
2023-04-08,664
2023-04-09,429
2023-04-10,570
2023-04-11,261
2023-04-12,546
2023-04-13,507
2023-04-14,623
2023-04-15,669
2023-04-16,377
2023-04-17,751
2023-04-18,560
2023-04-19,575
2023-04-20,699
2023-04-21,545
2023-04-22,638
2023-04-23,516
2023-04-24,634
2023-04-25,506
2023-04-26,672
2023-04-27,547
2023-04-28,744
2023-04-29,701
2023-04-30,424
2023-05-01,723
2023-05-02,587
2023-05-03,649
2023-05-04,595
2023-05-05,546
2023-05-06,537
2023-05-07,517
2023-05-08,603
2023-05-09,485
2023-05-10,572
2023-05-11,524
2023-05-12,654
2023-05-13,455
2023-05-14,286
2023-05-15,624
2023-05-16,584
2023-05-17,656
2023-05-18,622
2023-05-19,531
2023-05-20,695
2023-05-21,482
2023-05-22,537
2023-05-23,510
2023-05-24,530
2023-05-25,517
2023-05-26,638
2023-05-27,497
2023-05-28,621
2023-05-29,505
2023-05-30,578
2023-05-31,280
2023-06-01,469
2023-06-02,448
2023-06-03,666
2023-06-04,596
2023-06-05,738
2023-06-06,513
2023-06-07,416
2023-06-08,595
2023-06-09,695
2023-06-10,373
2023-06-11,349
2023-06-12,612
2023-06-13,532
2023-06-14,522
2023-06-15,675
2023-06-16,466
2023-06-17,594
2023-06-18,427
2023-06-19,476
2023-06-20,108
2023-06-21,663
2023-06-22,696
2023-06-23,781
2023-06-24,447
2023-06-25,498
2023-06-26,683
2023-06-27,563
2023-06-28,574
2023-06-29,717
2023-06-30,494
2023-07-01,189
2023-07-02,546
2023-07-03,509
2023-07-04,507
2023-07-05,76
2023-07-06,664
2023-07-07,504
2023-07-08,489
2023-07-09,656
2023-07-10,798
2023-07-11,656
2023-07-12,654
2023-07-13,704
2023-07-14,566
2023-07-15,524
2023-07-16,358
2023-07-17,686
2023-07-18,720
2023-07-19,691
2023-07-20,678
2023-07-21,904
2023-07-22,442
2023-07-23,561
2023-07-24,602
2023-07-25,308
2023-07-26,366
2023-07-27,624
2023-07-28,540
2023-07-29,410
2023-07-30,453
2023-07-31,485
2023-08-01,632
2023-08-02,456
2023-08-03,1215
2023-08-04,1696
2023-08-05,786
2023-08-06,1118
2023-08-07,353
2023-08-08,529
2023-08-09,496
2023-08-10,491
2023-08-11,696
2023-08-12,340
2023-08-13,477
2023-08-14,583
2023-08-15,586
2023-08-16,556
2023-08-17,534
2023-08-18,656
2023-08-19,695
2023-08-20,508
2023-08-21,615
2023-08-22,807
2023-08-23,522
2023-08-24,594
2023-08-25,523
2023-08-26,499
2023-08-27,348
2023-08-28,476
2023-08-29,601
2023-08-30,626
2023-08-31,522
2023-09-01,544
2023-09-02,371
2023-09-03,495
2023-09-04,500
2023-09-05,621
2023-09-06,536
2023-09-07,554
2023-09-08,495
2023-09-09,485
2023-09-10,409
2023-09-11,501
2023-09-12,521
2023-09-13,583
2023-09-14,558
2023-09-15,615
2023-09-16,524
2023-09-17,445
2023-09-18,548
2023-09-19,560
2023-09-20,584
2023-09-21,495
2023-09-22,560
2023-09-23,666
2023-09-24,562
2023-09-25,544
2023-09-26,620
2023-09-27,552
2023-09-28,646
2023-09-29,556
2023-09-30,536
2023-10-01,527
2023-10-02,632
2023-10-03,530
2023-10-04,598
2023-10-05,575
2023-10-06,636
2023-10-07,685
2023-10-08,432
2023-10-09,656
2023-10-10,632
2023-10-11,4
2023-10-12,672
2023-10-13,492
2023-10-14,572
2023-10-15,469
2023-10-16,509
2023-10-17,583
2023-10-18,550
2023-10-19,630
2023-10-20,464
2023-10-21,583
2023-10-22,522
2023-10-23,471
2023-10-24,507
2023-10-25,463
2023-10-26,591
2023-10-27,583
2023-10-28,467
2023-10-29,538
2023-10-30,314
2023-10-31,605
2023-11-01,493
2023-11-02,686
2023-11-03,759
2023-11-04,478
2023-11-05,513
2023-11-06,552
2023-11-07,616
2023-11-08,525
2023-11-09,772
2023-11-10,296
2023-11-11,1010
2023-11-12,1084
2023-11-13,1039
2023-11-14,1102
2023-11-15,918
2023-11-16,659
2023-11-17,657
2023-11-18,381
2023-11-19,189
2023-11-20,338
2023-11-21,433
2023-11-22,343
2023-11-23,464
2023-11-24,469
2023-11-25,521
2023-11-26,490
2023-11-27,546
2023-11-28,554
2023-11-29,709
2023-11-30,615
2023-12-01,507
2023-12-02,494
2023-12-03,460
2023-12-04,483
2023-12-05,571
2023-12-06,566
2023-12-07,617
2023-12-08,512
2023-12-09,545
2023-12-10,454
2023-12-11,496
2023-12-12,609
2023-12-13,406
2023-12-14,588
2023-12-15,488
2023-12-16,198
2023-12-17,403
2023-12-18,379
2023-12-19,567
2023-12-20,476
2023-12-21,483
2023-12-22,171
2023-12-23,426
2023-12-24,384
2023-12-26,517
2023-12-27,569
2023-12-28,352
2023-12-29,443
2023-12-30,655
2023-12-31,406
2024-01-01,477
2024-01-02,234
2024-01-03,376
2024-01-04,500
2024-01-05,417
2024-01-06,438
2024-01-07,534
2024-01-08,596
2024-01-09,463
2024-01-10,599
2024-01-11,705
2024-01-12,589
2024-01-13,722
2024-01-14,435
2024-01-15,460
2024-01-16,344
2024-01-17,467
2024-01-18,519
2024-01-19,553
2024-01-20,494
2024-01-21,515
2024-01-22,568
2024-01-23,653
2024-01-24,438
2024-01-25,678
2024-01-26,548
2024-01-27,395
2024-01-28,290
2024-01-29,551
2024-01-30,638
2024-01-31,418
2024-02-01,746
2024-02-02,537
2024-02-03,530
2024-02-04,469
2024-02-05,493
2024-02-06,780
2024-02-07,533
2024-02-08,713
2024-02-09,610
2024-02-10,536
2024-02-11,515
2024-02-12,591
2024-02-13,122
2024-02-14,306
2024-02-15,486
2024-02-16,574
2024-02-17,274
2024-02-18,204
2024-02-19,535
2024-02-20,606
2024-02-21,690
2024-02-22,702
2024-02-23,605
2024-02-24,470
2024-03-03,258
2024-03-04,638
2024-03-05,630
2024-03-06,673
2024-03-07,476
2024-03-08,559
2024-03-09,378
2024-03-10,492
2024-03-11,534
2024-03-12,474
2024-03-13,500
2024-03-14,583
2024-03-15,250
2024-03-18,504
2024-03-19,559
2024-03-20,478
2024-03-21,515
2024-03-22,196
2024-03-24,425
2024-03-25,464
2024-03-26,609
2024-03-27,515
2024-03-28,573
2024-03-29,604
2024-03-30,565
2024-03-31,699
2024-04-01,717
2024-04-02,565
2024-04-03,491
2024-04-04,578
2024-04-05,820
2024-04-06,505
2024-04-07,453
2024-04-08,624
2024-04-09,643
2024-04-10,437
2024-04-11,627
2024-04-12,771
2024-04-13,436
2024-04-14,621
2024-04-15,786
2024-04-16,621
2024-04-17,526
2024-04-18,624
2024-04-19,647
2024-04-20,520
2024-04-21,733
2024-04-22,560
2024-04-23,587
2024-04-24,502
2024-04-25,612
2024-04-26,547
2024-04-27,591
2024-04-28,433
2024-04-29,505
2024-04-30,619
2024-05-01,583
2024-05-02,520
2024-05-03,544
2024-05-04,544
2024-05-05,661
2024-05-06,566
2024-05-07,624
2024-05-08,535
2024-05-09,670
2024-05-10,684
2024-05-11,359
2024-05-13,464
2024-05-14,490
2024-05-15,304
2024-05-16,507
2024-05-17,490
2024-05-18,448
2024-05-19,284
2024-05-20,339
2024-05-21,597
2024-05-22,3
2024-05-24,448
2024-05-25,514
2024-05-26,433
2024-05-27,507
2024-05-28,517
2024-05-29,449
2024-05-30,592
2024-05-31,556
2024-06-01,451
2024-06-02,567
2024-06-03,652
2024-06-04,632
2024-06-05,538
2024-06-06,624
2024-06-07,589
2024-06-08,629
2024-06-10,648
2024-06-11,690
2024-06-12,668
2024-06-13,670
2024-06-14,603
2024-06-15,537
2024-06-16,474
2024-06-18,541
2024-06-19,567
2024-06-20,769
2024-06-21,566
2024-06-22,434
2024-06-23,854
2024-06-24,936
2024-06-25,173
2024-06-26,720
2024-06-27,896
2024-06-28,861
2024-06-29,355
2024-06-30,328
2024-07-01,541
2024-07-02,726
2024-07-03,635
2024-07-04,576
2024-07-05,510
2024-07-06,561
2024-07-07,448
2024-07-08,711
2024-07-09,664
2024-07-10,729
2024-07-11,3
2024-07-12,552
2024-07-13,395
2024-07-14,545
2024-07-15,688
2024-07-16,672
2024-07-17,679
2024-07-18,738
2024-07-19,577
2024-07-20,423
2024-07-21,454
2024-07-22,490
2024-07-23,590
2024-07-24,611
2024-07-25,496
2024-07-26,444
2024-07-27,462
2024-07-28,430
2024-07-29,512
2024-07-30,443
2024-07-31,431
2024-08-01,492
2024-08-02,527
2024-08-03,386
2024-08-04,420
2024-08-05,416
2024-08-06,482
2024-08-07,0
2024-08-10,488
2024-08-11,579
2024-08-12,578
2024-08-13,507
2024-08-14,530
2024-08-15,553
2024-08-16,591
2024-08-17,402
2024-08-18,563
2024-08-19,698
2024-08-20,660
2024-08-21,631
2024-08-22,529
2024-08-23,581
2024-08-24,536
2024-08-25,601
2024-08-26,0
2024-08-27,618
2024-08-28,640
2024-08-29,523
2024-08-30,681
2024-08-31,424
2024-09-01,552
2024-09-02,504
2024-09-03,513
2024-09-04,597
2024-09-05,503
2024-09-06,646
2024-09-07,602
2024-09-08,547
2024-09-09,595
2024-09-10,518
2024-09-11,560
2024-09-12,470
2024-09-13,593
2024-09-14,266
2024-09-15,616
2024-09-16,562
2024-09-17,634
2024-09-18,617
2024-09-19,600
2024-09-20,650
2024-09-21,423
2024-09-22,474
2024-09-23,575
2024-09-24,456
2024-09-25,647
2024-09-26,613
2024-09-27,723
2024-09-28,328
2024-09-29,300
2024-09-30,651
2024-10-01,634
2024-10-02,620
2024-10-03,774
2024-10-04,573
2024-10-05,563
2024-10-06,582
2024-10-07,626
2024-10-08,529
2024-10-09,634
2024-10-10,584
2024-10-11,583
2024-10-12,274
2024-10-13,457
2024-10-14,610
2024-10-15,516
2024-10-16,603
2024-10-17,627
2024-10-18,536
2024-10-19,292
2024-10-20,468
2024-10-21,496
2024-10-22,465
2024-10-23,612
2024-10-24,643
2024-10-25,120
2024-10-26,759
2024-10-27,132
2024-10-28,529
2024-10-29,533
2024-10-30,579
2024-10-31,586
2024-11-01,595
2024-11-02,366
2024-11-03,260
2024-11-04,584
2024-11-05,422
2024-11-06,563
2024-11-07,568
2024-11-08,525
2024-11-09,547
2024-11-10,435
2024-11-11,579
2024-11-12,525
2024-11-13,635
2024-11-14,542
2024-11-15,603
2024-11-16,406
2024-11-17,377
2024-11-18,566
2024-11-19,530
2024-11-20,672
2024-11-21,571
2024-11-22,591
2024-11-23,502
2024-11-24,485
2024-11-25,457
2024-11-26,422
2024-11-27,394
2024-11-28,441
2024-11-29,484
2024-11-30,378
2024-12-01,457
2024-12-02,640
2024-12-03,561
2024-12-04,156
2024-12-05,568
2024-12-06,516
2024-12-07,417
2024-12-08,464
2024-12-09,482
2024-12-10,493
2024-12-11,584
2024-12-12,595
2024-12-13,550
2024-12-14,648
2024-12-15,568
2024-12-16,469
2024-12-17,481
2024-12-18,541
2024-12-19,103
2024-12-20,458
2024-12-21,465
2024-12-22,462
2024-12-23,528
2024-12-24,374
2024-12-25,479
2024-12-26,466
2024-12-27,495
2024-12-29,416
2024-12-30,426
2024-12-31,483
2025-01-01,372
2025-01-02,516
2025-01-03,508
2025-01-04,434
2025-01-05,396
2025-01-06,485
2025-01-07,559
2025-01-08,509
2025-01-09,458
2025-01-10,455
2025-01-11,710
2025-01-12,594
2025-01-13,505
2025-01-14,507
2025-01-15,472
2025-01-16,450
2025-01-17,492
2025-01-18,431
2025-01-19,498
2025-01-20,378
2025-01-21,376
2025-01-22,518
2025-01-23,531
2025-01-24,513
2025-01-25,524
2025-01-26,309
2025-01-27,576
2025-01-28,633
2025-01-29,560
2025-01-30,523
2025-01-31,539
2025-02-01,422
2025-02-02,169
2025-02-03,526
2025-02-04,503
2025-02-05,574
2025-02-06,489
2025-02-07,583
2025-02-08,554
2025-02-09,508
2025-02-10,499
2025-02-11,634
2025-02-12,424
2025-02-13,536
2025-02-14,555
2025-02-15,477
2025-02-16,454
2025-02-17,516
2025-02-18,559
2025-02-19,516
2025-02-20,553
2025-02-21,461
2025-02-22,385
2025-02-23,402
2025-02-24,518
2025-02-25,464
2025-02-26,598
2025-02-27,519
2025-02-28,534
2025-03-01,437
2025-03-02,368
2025-03-03,446
2025-03-04,463
2025-03-05,524
2025-03-06,571
2025-03-07,129
2025-03-08,154
2025-03-10,530
2025-03-11,209
2025-03-12,418
2025-03-13,404
2025-03-14,590
2025-03-15,309
2025-03-16,551
2025-03-17,533
2025-03-18,638
2025-03-19,651
2025-03-20,628
2025-03-21,773
2025-03-22,53
2025-03-23,350
2025-03-24,498
2025-03-25,590
2025-03-26,499
2025-03-27,657
2025-03-28,548
2025-03-29,483
2025-03-30,349
2025-03-31,550
2025-04-01,589
2025-04-02,645
2025-04-03,532
2025-04-04,807
2025-04-05,458
2025-04-06,304
2025-04-07,489
2025-04-08,648
2025-04-09,598
2025-04-10,559
2025-04-11,629
2025-04-12,550
2025-04-13,437
2025-04-14,474
2025-04-15,630
2025-04-16,530
2025-04-17,485
2025-04-18,563
2025-04-20,555
2025-04-21,509
2025-04-22,585
2025-04-23,590
2025-04-24,569
2025-04-25,611
2025-04-26,382
2025-04-27,532
2025-04-28,484
2025-04-29,528
2025-04-30,452
2025-05-01,440
2025-05-02,506
2025-05-03,537
2025-05-04,480
2025-05-05,528
2025-05-06,443
2025-05-07,498
2025-05-08,600
2025-05-09,784
2025-05-10,736
2025-05-11,427
2025-05-12,513
2025-05-13,545
2025-05-14,464
2025-05-15,486
2025-05-16,540
2025-05-17,365
2025-05-18,425
2025-05-19,469
2025-05-20,535
2025-05-21,361
2025-05-22,280
2025-05-23,211
2025-05-24,252
2025-05-25,162
2025-05-26,145
2025-05-27,503
2025-05-28,490
2025-05-29,496
2025-05-30,532
2025-05-31,235
2025-06-01,705
2025-06-02,706
2025-06-03,792
2025-06-04,786
2025-06-05,726
2025-06-06,586
2025-06-07,476
2025-06-08,8
2025-06-09,695
2025-06-10,834
2025-06-11,782
2025-06-12,716
2025-06-13,650
2025-06-14,140
2025-06-15,587
2025-06-16,719
2025-06-17,724
2025-06-18,539
2025-06-19,489
2025-06-20,482
2025-06-21,537
2025-06-22,467
2025-06-23,688
2025-06-24,720
2025-06-25,671
2025-06-26,707
2025-06-27,770
2025-06-28,473
2025-06-29,965
2025-06-30,538
2025-07-01,903
2025-07-02,435
2025-07-03,504
2025-07-04,630
2025-07-05,312
2025-07-06,437
2025-07-07,575
2025-07-08,652
2025-07-09,670
2025-07-10,557
2025-07-11,492
2025-07-12,2
2025-07-13,271
2025-07-14,627
2025-07-15,39
2025-07-16,509
2025-07-17,569
2025-07-18,772
2025-07-19,471
2025-07-20,522
2025-07-21,409
2025-07-22,475
2025-07-24,399
2025-07-25,393
2025-07-26,55
2025-07-27,385
2025-07-28,376
2025-07-29,374
2025-07-30,398
2025-07-31,406
2025-08-01,444
2025-08-02,389
2025-08-03,381
2025-08-04,421
2025-08-05,323
2025-08-06,397
2025-08-07,497
2025-08-08,385
2025-08-09,364
2025-08-10,457
2025-08-11,315
2025-08-12,429
2025-08-13,467
2025-08-14,389
2025-08-15,483
2025-08-16,165
2025-08-17,396
2025-08-18,526
2025-08-19,453
2025-08-21,506
2025-08-22,479
2025-08-23,422
2025-08-24,434
2025-08-25,557
2025-08-26,546
2025-08-27,466
2025-08-28,377
2025-08-29,481
2025-08-30,376
2025-08-31,416
2025-09-01,370
2025-09-02,590
2025-09-03,502
2025-09-04,467
2025-09-05,473
2025-09-06,344
2025-09-07,472
2025-09-08,596
2025-09-09,558
2025-09-10,425
2025-09-11,695
2025-09-12,362
2025-09-13,467
2025-09-14,330
2025-09-15,449
2025-09-16,648
2025-09-17,419
2025-09-18,390
2025-09-19,505
2025-09-20,337
2025-09-21,577
2025-09-22,483
2025-09-23,654
2025-09-24,734
2025-09-25,669
2025-09-26,502
2025-09-27,415
2025-09-28,674
2025-09-29,718
2025-09-30,588
2025-10-01,712
2025-10-02,598
2025-10-03,742
2025-10-04,376
2025-10-05,423
2025-10-06,758
2025-10-07,587
2025-10-08,717
2025-10-09,1611
2025-10-10,463
2025-10-11,373
2025-10-12,763
2025-10-13,492
2025-10-14,1021
2025-10-15,766
2025-10-16,555
2025-10-17,871
2025-10-18,347
2025-10-19,341
2025-10-20,858
2025-10-21,593
2025-10-22,759
2025-10-23,1575
2025-10-24,858
2025-10-25,579
2025-10-26,227
2025-10-27,814
2025-10-28,323
2025-10-29,390
2025-10-30,588
2025-10-31,957
2025-11-01,311
2025-11-02,674
2025-11-03,478
2025-11-04,1202
2025-11-05,742
2025-11-06,529
2025-11-07,935
2025-11-08,309
2025-11-09,686
2025-11-10,526
2025-11-11,1023
2025-11-12,694
2025-11-13,1186
2025-11-14,920
2025-11-15,851
2025-11-16,712
2025-11-17,1085
2025-11-18,1051
2025-11-19,1189
2025-11-20,1012
2025-11-21,1146
2025-11-22,844
2025-11-23,769
2025-11-24,360
2025-11-25,1216
2025-11-26,828
2025-11-27,509
2025-11-28,912
2025-11-29,204
2025-11-30,531
2025-12-01,1068
2025-12-02,734
2025-12-03,1139
2025-12-04,944
2025-12-05,1092
2025-12-06,733
2025-12-07,348
2025-12-08,357
2025-12-09,451
2025-12-10,364
2025-12-11,433
2025-12-12,415
2025-12-13,421
2025-12-14,336
2025-12-15,628
2025-12-16,705
2025-12-17,690
2025-12-18,724
2025-12-19,420
2025-12-20,816
2025-12-21,559
2025-12-22,298
2025-12-23,835
2025-12-24,421
2025-12-25,855
2025-12-26,507
2025-12-27,903
2025-12-28,201
2025-12-29,963
2025-12-30,614
2025-12-31,662
2026-01-01,338
2026-01-02,809
2026-01-03,737
2026-01-04,357
2026-01-05,338
2026-01-06,513
2026-01-07,618
2026-01-08,825
2026-01-09,696
2026-01-10,766
2026-01-11,504
2026-01-12,831
2026-01-13,675
2026-01-14,935
2026-01-15,859
2026-01-16,1186
2026-01-17,380
2026-01-18,497
2026-01-19,335
2026-01-20,762
2026-01-21,792
2026-01-22,835
2026-01-23,1226
2026-01-24,299
2026-01-25,283
2026-01-26,997
2026-01-27,919
2026-01-28,976
2026-01-29,948
2026-01-30,446
2026-01-31,377
2026-02-01,632
2026-02-02,723
2026-02-03,831
2026-02-04,737
2026-02-05,1344
2026-02-06,829
2026-02-07,978
2026-02-08,744
2026-02-09,1261
2026-02-10,1048
2026-02-11,1164
2026-02-12,1220
2026-02-13,408
2026-02-14,342
2026-02-15,358
2026-02-16,395
2026-02-17,640
2026-02-18,793
2026-02-19,821
2026-02-20,788
2026-02-21,448
2026-02-22,837
2026-02-23,806
2026-02-24,1172
2026-02-25,496
2026-02-26,1051
2026-02-27,528
2026-02-28,719
2026-03-01,496
2026-03-02,862
2026-03-03,1129
2026-03-04,982
2026-03-05,707
2026-03-06,465
2026-03-07,556
2026-03-08,312
2026-03-09,240
2026-03-10,338
2026-03-11,737
2026-03-12,742
2026-03-13,690
2026-03-14,675
2026-03-15,261
2026-03-16,949
2026-03-17,1190
2026-03-18,839
2026-03-19,1088
2026-03-20,341
2026-03-21,295
2026-03-22,715
2026-03-23,882
2026-03-24,1272
2026-03-25,802
2026-03-26,488
2026-03-27,477
2026-03-28,512
2026-03-29,749
2026-03-30,1001
2026-03-31,1042
2026-04-01,347
2026-04-02,904
2026-04-03,1004
2026-04-04,729
2026-04-05,591
2026-04-06,727
2026-04-07,1183
2026-04-08,510
2026-04-09,1052
2026-04-10,857
2026-04-11,710
2026-04-12,853
2026-04-13,1431
2026-04-14,1188
2026-04-15,472
2026-04-16,1008
2026-04-17,407
2026-04-18,290
2026-04-19,407
2026-04-20,844
2026-04-21,1232
2026-04-22,987
2026-04-23,1041
2026-04-24,1167
2026-04-25,558
2026-04-26,911
2026-04-27,1009
2026-04-28,680
2026-04-29,1208
2026-04-30,1198
2026-05-01,827
2026-05-03,526
2026-05-04,675
2026-05-05,855
2026-05-06,1159
2026-05-07,942
2026-05-08,1298
2026-05-09,767
2026-05-10,407
2026-05-11,1285
2026-05-12,1374
2026-05-13,980
2026-05-14,1062
2026-05-15,1155
2026-05-16,372
2026-05-17,497
2026-05-18,1138
2026-05-19,846
2026-05-20,860
2026-05-21,782
2026-05-22,985
2026-05-23,563
2026-05-24,907
2026-05-25,827
2026-05-26,495
2026-05-27,1238
2026-05-28,1500
2026-05-29,1161
2026-05-30,461
2026-05-31,1053
2026-06-01,781
2026-06-02,57