Date, Workout Type, Calories, Time, Distance, Pace, Heart Rate, Elevation
9/16/25,Running,"211" kcal, 1hr 12min,"1.71" mi,"42m 20s","130 bpm","0 m"
9/18/25,Running,"64" kcal, 17min,"0.54" mi,"32m 53s","120 bpm","0 m"
9/21/25,Running,"163" kcal, 21min,"1.55" mi,"14m 8s","132 bpm","3.03 m"
9/23/25,Running,"79" kcal, 10min,"0.72" mi,"14m 55s","116 bpm","0 m"
9/24/25,Running,"219" kcal, 29min,"1.83" mi,"15m 56s","116 bpm","0 m"
9/28/25,Running,"190" kcal, 33min,"1.63" mi,"20m 36s","115 bpm","0 m"
9/29/25,Running,"192" kcal, 26min,"1.44" mi,"18m 43s","117 bpm","0 m"
9/30/25,Running,"46" kcal, 16min,"0.16" mi,"102m 19s","119 bpm","0 m"
10/1/25,Running,"243" kcal, 30min,"2.01" mi,"15m 14s","113 bpm","0 m"
10/2/25,Running,"56" kcal, 14min,"0.45" mi,"32m 3s","125 bpm","0 m"
10/3/25,Running,"253" kcal, 31min,"2.04" mi,"15m 17s","118 bpm","0 m"
10/6/25,Running,"201" kcal, 23min,"1.65" mi,"14m 23s","127 bpm","0 m"
10/7/25,Running,"97" kcal, 23min,"0.69" mi,"33m 40s","122 bpm","0 m"
10/8/25,Running,"175" kcal, 19min,"1.37" mi,"13m 59s","134 bpm","0 m"
10/12/25,Running,"273" kcal, 29min,"2.2" mi,"13m 26s","135 bpm","0 m"
10/14/25,Running,"93" kcal, 20min,"0.7" mi,"29m 31s","121 bpm","0 m"
10/15/25,Running,"306" kcal, 33min,"2.55" mi,"13m 3s","128 bpm","0 m"
10/16/25,Running,"15" kcal, 7min,"0.12" mi,"56m 51s","125 bpm","0 m"
10/17/25,Running,"297" kcal, 32min,"2.52" mi,"12m 56s","130 bpm","0 m"
10/20/25,Running,"278" kcal, 33min,"2.27" mi,"14m 34s","132 bpm","0 m"
10/22/25,Running,"299" kcal, 33min,"2.64" mi,"12m 32s","134 bpm","0 m"
10/23/25,Running,"22" kcal, 4min,"0.36" mi,"13m","151 bpm","0 m"
10/24/25,Running,"324" kcal, 34min,"2.85" mi,"11m 59s","140 bpm","0 m"
10/27/25,Running,"336" kcal, 44min,"2.88" mi,"15m 32s","112 bpm","0 m"
10/31/25,Running,"344" kcal, 43min,"2.95" mi,"14m 41s","120 bpm","0 m"
11/2/25,Running,"361" kcal, 40min,"3.04" mi,"13m 18s","127 bpm","0 m"
11/4/25,Running,"363" kcal, 38min,"3.21" mi,"11m 51s","134 bpm","0 m"
11/4/25,Running,"38" kcal, 3min,"0.35" mi,"9m 41s","119 bpm","0 m"
11/5/25,Running,"371" kcal, 39min,"3.24" mi,"12m 5s","134 bpm","0 m"
11/6/25,Running,"21" kcal, 8min,"0.19" mi,"46m 36s","93 bpm","0 m"
11/7/25,Running,"423" kcal, 44min,"3.72" mi,"11m 59s","141 bpm","0 m"
11/9/25,Running,"336" kcal, 38min,"3.09" mi,"12m 23s","153 bpm","16.7 m"
11/11/25,Running,"376" kcal, 43min,"3.42" mi,"12m 47s","128 bpm","0 m"
11/11/25,Running,"51" kcal, 6min,"0.48" mi,"13m 2s","142 bpm","0 m"
11/12/25,Running,"69" kcal, 17min,"0.7" mi,"25m 22s","100 bpm","0 m"
11/13/25,Running,"374" kcal, 46min,"3.31" mi,"13m 58s","127 bpm","0 m"
11/13/25,Running,"32" kcal, 9min,"0.34" mi,"27m 15s","98 bpm","0 m"
11/15/25,Running,"441" kcal, 53min,"3.9" mi,"13m 40s","132 bpm","0 m"
11/17/25,Running,"460" kcal, 51min,"4.14" mi,"12m 23s","137 bpm","0 m"
11/17/25,Running,"15" kcal, 1min,"0.13" mi,"9m 19s","164 bpm","4.17 m"
11/19/25,Running,"388" kcal, 43min,"3.43" mi,"12m 32s","140 bpm","0 m"
11/21/25,Running,"488" kcal, 51min,"4.41" mi,"11m 40s","144 bpm","0 m"
11/25/25,Running,"448" kcal, 49min,"4.06" mi,"12m 13s","133 bpm","0 m"
11/26/25,Running,"383" kcal, 45min,"3.47" mi,"13m 8s","125 bpm","0 m"
11/27/25,Running,"39" kcal, 7min,"0.33" mi,"23m 8s","97 bpm","0 m"
11/28/25,Running,"367" kcal, 37min,"3.41" mi,"11m 2s","145 bpm","0 m"
12/1/25,Running,"522" kcal, 55min,"4.8" mi,"11m 33s","129 bpm","0 m"
12/2/25,Running,"214" kcal, 20min,"1.83" mi,"11m 17s","130 bpm","0 m"
12/3/25,Running,"599" kcal, 1hr 5min,"5.58" mi,"11m 44s","135 bpm","0 m"
12/5/25,Running,"520" kcal, 56min,"4.74" mi,"11m 53s","130 bpm","0 m"
12/6/25,Running,"332" kcal, 46min,"3.12" mi,"15m 1s","119 bpm","0 m"
12/17/25,Running,"122" kcal, 18min,"1.11" mi,"16m 34s","123 bpm","0 m"
12/18/25,Running,"322" kcal, 54min,"3.21" mi,"16m 52s","112 bpm","0 m"
12/20/25,Running,"457" kcal, 50min,"4.29" mi,"11m 43s","144 bpm","0 m"
12/21/25,Running,"253" kcal, 29min,"2.41" mi,"12m 11s","138 bpm","0 m"
12/23/25,Running,"474" kcal, 1hr 1min,"4.65" mi,"13m 18s","123 bpm","0 m"
12/24/25,Running,"93" kcal, 17min,"1.02" mi,"16m 47s","107 bpm","7.42 m"
12/25/25,Running,"514" kcal, 55min,"5.04" mi,"10m 56s","152 bpm","28.5 m"
12/26/25,Running,"123" kcal, 12min,"1.2" mi,"10m 44s","139 bpm","0 m"
12/27/25,Running,"444" kcal, 52min,"4.31" mi,"12m 10s","140 bpm","0 m"
12/29/25,Running,"690" kcal, 1hr 17min,"6.44" mi,"11m 59s","145 bpm","0 m"
1/2/26,Running,"192" kcal, 31min,"2.09" mi,"14m 53s","107 bpm","0 m"
1/3/26,Running,"209" kcal, 31min,"2.2" mi,"14m 28s","107 bpm","0 m"
1/11/26,Running,"94" kcal, 20min,"1.09" mi,"18m 51s","93 bpm","0 m"
2/6/26,Running,"182" kcal, 29min,"2.02" mi,"14m 46s","112 bpm","0 m"
2/9/26,Running,"234" kcal, 30min,"2" mi,"15m","111 bpm","0 m"
2/11/26,Running,"283" kcal, 36min,"3" mi,"12m","108 bpm","0 m"
2/19/26,Running,"164" kcal, 27min,"1.72" mi,"15m 49s","113 bpm","0 m"
2/21/26,Running,"215" kcal, 37min,"2.21" mi,"16m 54s","115 bpm","0 m"
2/22/26,Running,"159" kcal, 2hr 25min,"0" mi,"0s","73 bpm","0 m"
2/23/26,Running,"142" kcal, 17min,"1.39" mi,"12m 27s","134 bpm","0 m"
2/24/26,Running,"34" kcal, 3min,"0.31" mi,"12m 42s","150 bpm","0 m"
2/26/26,Running,"108" kcal, 12min,"1.11" mi,"11m 20s","144 bpm","0.55 m"
2/26/26,Running,"38" kcal, 3min,"0.36" mi,"9m 40s","137 bpm","4.52 m"
2/27/26,Running,"221" kcal, 23min,"2.21" mi,"10m 45s","147 bpm","50.69 m"
3/4/26,Running,"324" kcal, 44min,"3.37" mi,"13m 3s","129 bpm","7.69 m"
3/7/26,Running,"291" kcal, 38min,"3.07" mi,"12m 32s","163 bpm","39.86 m"
3/12/26,Running,"141" kcal, 18min,"1.51" mi,"12m 13s","132 bpm","2.29 m"
3/14/26,Running,"305" kcal, 41min,"3.01" mi,"13m 37s","136 bpm","4.27 m"
3/18/26,Running,"219" kcal, 27min,"2.01" mi,"13m 37s","143 bpm","11.73 m"
3/19/26,Running,"35" kcal, 3min,"0.37" mi,"9m 52s","134 bpm","2.62 m"
3/22/26,Running,"335" kcal, 37min,"3.02" mi,"12m 26s","147 bpm","4.96 m"
3/24/26,Running,"36" kcal, 3min,"0.37" mi,"9m 58s","138 bpm","10.93 m"
3/25/26,Running,"196" kcal, 24min,"2.03" mi,"11m 49s","135 bpm","2.44 m"
3/29/26,Running,"304" kcal, 37min,"3.02" mi,"12m 21s","146 bpm","7.27 m"
3/30/26,Running,"203" kcal, 21min,"2.01" mi,"10m 47s","149 bpm","22.68 m"
3/31/26,Running,"37" kcal, 3min,"0.38" mi,"9m 59s","137 bpm","2.87 m"
4/3/26,Running,"202" kcal, 22min,"2.02" mi,"11m 13s","133 bpm","1.45 m"
4/5/26,Running,"303" kcal, 33min,"3.02" mi,"11m 6s","151 bpm","53.06 m"
5/7/24,Walking,"50" kcal, 17min,"0.51" mi,"34m 42s","101 bpm","0 m"
5/9/24,Walking,"78" kcal, 22min,"0.73" mi,"30m 58s","113 bpm","9.81 m"
6/23/24,Walking,"100" kcal, 18min,"0.89" mi,"21m 5s","115 bpm","9.7 m"
6/24/24,Walking,"103" kcal, 27min,"1" mi,"27m 21s","105 bpm","3.15 m"
6/24/24,Walking,"126" kcal, 37min,"1.18" mi,"31m 47s","103 bpm","10.4 m"
6/25/24,Walking,"111" kcal, 26min,"1.08" mi,"24m 58s","113 bpm","0 m"
6/26/24,Walking,"117" kcal, 20min,"0.93" mi,"21m 24s","130 bpm","2.54 m"
6/27/24,Walking,"64" kcal, 14min,"0.58" mi,"24m 14s","107 bpm","0 m"
7/6/24,Walking,"142" kcal, 36min,"2.05" mi,"17m 58s","83 bpm","3.54 m"
7/16/24,Walking,"59" kcal, 14min,"0.55" mi,"27m 8s","112 bpm","0 m"
7/16/24,Walking,"78" kcal, 19min,"0.63" mi,"30m 18s","116 bpm","0 m"
7/17/24,Walking,"45" kcal, 10min,"0.33" mi,"32m 39s","124 bpm","0 m"
9/26/24,Walking,"80" kcal, 14min,"0.59" mi,"24m 40s","116 bpm","0 m"
12/14/24,Walking,"82" kcal, 16min,"0.86" mi,"19m 33s","109 bpm","2.01 m"
12/14/24,Walking,"37" kcal, 22min,"0.08" mi,"288m 2s","103 bpm","2.02 m"
12/15/24,Walking,"53" kcal, 9min,"0.48" mi,"19m 32s","124 bpm","0 m"
1/17/25,Walking,"7" kcal, 5min,"0" mi,"1,391m 29s","69 bpm","0 m"
2/16/25,Walking,"27" kcal, 5min,"0.18" mi,"30m 44s","107 bpm","0 m"
3/18/25,Walking,"161" kcal, 57min,"1.47" mi,"39m 9s","97 bpm","23.87 m"
3/20/25,Walking,"120" kcal, 38min,"0.97" mi,"39m 28s","96 bpm","13.95 m"
3/21/25,Walking,"79" kcal, 19min,"0.73" mi,"26m 32s","108 bpm","0 m"
5/9/25,Walking,"114" kcal, 36min,"0.83" mi,"44m 27s","112 bpm","0 m"
6/10/25,Walking,"101" kcal, 21min,"0.78" mi,"27m 25s","114 bpm","7.5 m"
6/29/25,Walking,"86" kcal, 21min,"0.89" mi,"24m 11s","102 bpm","0 m"
6/29/25,Walking,"145" kcal, 50min,"1.28" mi,"39m 50s","90 bpm","14.53 m"
7/1/25,Walking,"77" kcal, 18min,"0.81" mi,"23m 7s","97 bpm","0 m"
7/1/25,Walking,"63" kcal, 21min,"0.66" mi,"32m 26s","94 bpm","0 m"
7/1/25,Walking,"107" kcal, 35min,"0.93" mi,"37m 44s","101 bpm","5.1 m"
7/17/25,Walking,"55" kcal, 21min,"0.64" mi,"33m 25s","87 bpm","0 m"
7/18/25,Walking,"326" kcal, 1hr 23min,"2.1" mi,"40m","137 bpm","0 m"
7/19/25,Walking,"176" kcal, 57min,"1.02" mi,"56m 11s","126 bpm","0 m"
8/1/25,Walking,"68" kcal, 21min,"0.86" mi,"25m 7s","96 bpm","7.12 m"
10/9/25,Walking,"108" kcal, 41min,"1.13" mi,"36m 37s","99 bpm","0 m"
10/30/25,Walking,"78" kcal, 22min,"0.83" mi,"26m 39s","98 bpm","0 m"
11/14/25,Walking,"236" kcal, 45min,"2.14" mi,"21m 27s","105 bpm","0 m"
11/16/25,Walking,"373" kcal, 1hr 12min,"3.92" mi,"18m 33s","103 bpm","0 m"
11/17/25,Walking,"25" kcal, 4min,"0.32" mi,"15m 20s","112 bpm","3.39 m"
11/18/25,Walking,"368" kcal, 1hr 10min,"3.82" mi,"18m 32s","103 bpm","0 m"
11/18/25,Walking,"32" kcal, 7min,"0.32" mi,"24m 18s","99 bpm","0 m"
11/20/25,Walking,"146" kcal, 33min,"1.75" mi,"19m 18s","95 bpm","0 m"
11/20/25,Walking,"73" kcal, 14min,"0.81" mi,"18m 24s","113 bpm","0 m"
11/22/25,Walking,"364" kcal, 53min,"3.01" mi,"17m 55s","113 bpm","0 m"
11/23/25,Walking,"120" kcal, 21min,"1.08" mi,"19m 53s","99 bpm","0 m"
12/15/25,Walking,"193" kcal, 47min,"2.44" mi,"19m 22s","90 bpm","0 m"
12/16/25,Walking,"204" kcal, 45min,"2.24" mi,"20m 22s","94 bpm","0 m"
12/16/25,Walking,"124" kcal, 42min,"1.78" mi,"23m 47s","91 bpm","0 m"
12/17/25,Walking,"103" kcal, 29min,"1.46" mi,"19m 57s","90 bpm","0 m"
12/30/25,Walking,"70" kcal, 21min,"1.05" mi,"20m 46s","85 bpm","0 m"
12/31/25,Walking,"78" kcal, 19min,"0.99" mi,"19m 59s","87 bpm","0 m"
1/1/26,Walking,"61" kcal, 24min,"0.68" mi,"35m 24s","73 bpm","4.56 m"
1/9/26,Walking,"7" kcal, 1min,"0.08" mi,"16m 33s","0 bpm","4.32 m"
1/14/26,Walking,"42" kcal, 10min,"0.54" mi,"18m 31s","0 bpm","0 m"
1/23/26,Walking,"39" kcal, 14min,"0.44" mi,"33m 37s","92 bpm","0 m"
1/26/26,Walking,"35" kcal, 7min,"0.42" mi,"18m 27s","97 bpm","10.99 m"
1/27/26,Walking,"20" kcal, 4min,"0.27" mi,"15m 45s","110 bpm","6.14 m"
1/28/26,Walking,"55" kcal, 15min,"0.6" mi,"25m","60 bpm","0 m"
1/28/26,Walking,"29" kcal, 11min,"0.27" mi,"43m 19s","84 bpm","7.25 m"
1/28/26,Walking,"60" kcal, 20min,"0.53" mi,"39m 31s","90 bpm","23.15 m"
1/28/26,Walking,"15" kcal, 3min,"0.19" mi,"18m 50s","98 bpm","9.25 m"
2/2/26,Walking,"103" kcal, 30min,"1.51" mi,"20m 18s","82 bpm","42.64 m"
2/3/26,Walking,"33" kcal, 19min,"1.06" mi,"18m 15s","0 bpm","13.33 m"
2/5/26,Walking,"9" kcal, 2min,"0.15" mi,"18m 50s","80 bpm","0.82 m"
2/9/26,Walking,"45" kcal, 15min,"0.48" mi,"32m 11s","92 bpm","14.43 m"
2/11/26,Walking,"11" kcal, 1min,"0.13" mi,"11m 6s","0 bpm","4.12 m"
2/15/26,Walking,"26" kcal, 17min,"0.35" mi,"49m 43s","87 bpm","0.56 m"
2/17/26,Walking,"61" kcal, 41min,"0.27" mi,"150m 47s","128 bpm","2.06 m"
2/17/26,Walking,"71" kcal, 36min,"0.43" mi,"85m 2s","101 bpm","4.21 m"
2/18/26,Walking,"16" kcal, 3min,"0.2" mi,"19m 10s","104 bpm","9.44 m"
3/2/26,Walking,"28" kcal, 10min,"0.21" mi,"49m 46s","72 bpm","10 m"
3/3/26,Walking,"32" kcal, 10min,"0.51" mi,"21m 22s","88 bpm","0 m"
3/3/26,Walking,"61" kcal, 22min,"0.57" mi,"39m 32s","83 bpm","18.03 m"
3/8/26,Walking,"84" kcal, 20min,"0.94" mi,"22m 12s","93 bpm","21.03 m"
3/10/26,Walking,"96" kcal, 29min,"0.97" mi,"30m 53s","77 bpm","41.42 m"
3/12/26,Walking,"73" kcal, 20min,"1" mi,"20m 38s","81 bpm","4.89 m"
3/14/26,Walking,"21" kcal, 5min,"0.3" mi,"19m 15s","86 bpm","0.44 m"
3/14/26,Walking,"42" kcal, 11min,"0.43" mi,"26m 1s","106 bpm","1.1 m"
3/15/26,Walking,"45" kcal, 18min,"0.53" mi,"34m 43s","72 bpm","34.84 m"
3/16/26,Walking,"28" kcal, 6min,"0.33" mi,"18m 11s","85 bpm","5.43 m"
3/17/26,Walking,"26" kcal, 5min,"0.33" mi,"16m 22s","0 bpm","3.16 m"
3/18/26,Walking,"75" kcal, 19min,"1" mi,"19m 32s","89 bpm","0 m"
3/18/26,Walking,"105" kcal, 21min,"1.06" mi,"19m 58s","115 bpm","0 m"
3/25/26,Walking,"38" kcal, 12min,"0.6" mi,"20m 45s","80 bpm","0 m"
3/25/26,Walking,"40" kcal, 13min,"0.42" mi,"31m 10s","101 bpm","3.49 m"
3/30/26,Walking,"15" kcal, 3min,"0.22" mi,"17m 58s","89 bpm","4.5 m"
4/3/26,Walking,"55" kcal, 15min,"0.8" mi,"18m 50s","84 bpm","0 m"
4/3/26,Walking,"17" kcal, 4min,"0.19" mi,"22m 45s","113 bpm","0.53 m"
2/7/26,Swimming,"81" kcal, 14min,"0.17" mi,"82m 32s","126 bpm","0 m"
2/8/26,Swimming,"296" kcal, 1hr 19min,"0.58" mi,"136m 45s","104 bpm","0 m"
2/12/26,Swimming,"174" kcal, 24min,"0.28" mi,"86m 1s","123 bpm","0 m"
2/18/26,Swimming,"211" kcal, 30min,"0.34" mi,"88m 10s","121 bpm","0 m"
2/20/26,Swimming,"114" kcal, 14min,"0.17" mi,"84m 58s","120 bpm","0 m"
2/22/26,Swimming,"394" kcal, 54min,"0.61" mi,"89m 17s","120 bpm","0 m"
2/24/26,Swimming,"351" kcal, 49min,"0.57" mi,"86m 21s","123 bpm","0 m"
2/26/26,Swimming,"119" kcal, 17min,"0.2" mi,"86m 59s","121 bpm","0 m"
2/28/26,Swimming,"347" kcal, 39min,"0.57" mi,"69m 45s","122 bpm","0 m"
3/2/26,Swimming,"203" kcal, 25min,"0.34" mi,"74m 13s","121 bpm","0 m"
3/13/26,Swimming,"98" kcal, 14min,"0.17" mi,"86m 55s","113 bpm","0 m"
3/16/26,Swimming,"96" kcal, 11min,"0.17" mi,"68m 12s","118 bpm","0 m"
3/17/26,Swimming,"290" kcal, 37min,"0.58" mi,"64m 24s","129 bpm","0 m"
3/19/26,Swimming,"180" kcal, 24min,"0.34" mi,"70m 39s","119 bpm","0 m"
3/23/26,Swimming,"182" kcal, 24min,"0.37" mi,"67m 32s","114 bpm","0 m"
3/24/26,Swimming,"348" kcal, 45min,"0.64" mi,"71m 1s","117 bpm","0 m"
3/28/26,Swimming,"261" kcal, 1hr 15min,"0.47" mi,"160m 1s","100 bpm","0 m"
3/31/26,Swimming,"195" kcal, 41min,"0.38" mi,"109m 12s","102 bpm","0 m"
4/4/26,Swimming,"389" kcal, 51min,"0.7" mi,"73m 22s","115 bpm","0 m"
12/14/24,Cycling,"73" kcal, 10min,"0" mi,"0s","126 bpm","0 m"
12/15/24,Cycling,"74" kcal, 9min,"0" mi,"0s","132 bpm","0 m"
11/14/25,Cycling,"69" kcal, 13min,"0" mi,"0s","109 bpm","0 m"
11/23/25,Cycling,"84" kcal, 18min,"0" mi,"0s","104 bpm","0 m"
1/2/26,Cycling,"57" kcal, 13min,"0" mi,"0s","101 bpm","0 m"
1/3/26,Cycling,"100" kcal, 16min,"0" mi,"0s","117 bpm","0 m"
1/7/26,Cycling,"81" kcal, 20min,"0" mi,"0s","103 bpm","0 m"
1/8/26,Cycling,"237" kcal, 38min,"0" mi,"0s","110 bpm","0 m"
1/9/26,Cycling,"187" kcal, 33min,"0" mi,"0s","110 bpm","0 m"
1/10/26,Cycling,"142" kcal, 21min,"0" mi,"0s","119 bpm","0 m"
1/11/26,Cycling,"105" kcal, 21min,"0" mi,"0s","104 bpm","0 m"
1/12/26,Cycling,"279" kcal, 43min,"0" mi,"0s","119 bpm","0 m"
1/13/26,Cycling,"170" kcal, 39min,"0" mi,"0s","102 bpm","0 m"
1/14/26,Cycling,"286" kcal, 42min,"10.1" mi,"4m 9s","0 bpm","0 m"
1/15/26,Cycling,"120" kcal, 20min,"0" mi,"0s","76 bpm","0 m"
1/15/26,Cycling,"145" kcal, 25min,"0" mi,"0s","98 bpm","0 m"
1/16/26,Cycling,"267" kcal, 44min,"0" mi,"0s","118 bpm","0 m"
1/18/26,Cycling,"206" kcal, 44min,"0" mi,"0s","111 bpm","0 m"
1/20/26,Cycling,"221" kcal, 43min,"0" mi,"0s","116 bpm","0 m"
1/21/26,Cycling,"233" kcal, 44min,"0" mi,"0s","106 bpm","0 m"
1/22/26,Cycling,"260" kcal, 40min,"0" mi,"0s","122 bpm","0 m"
1/23/26,Cycling,"358" kcal, 56min,"0" mi,"0s","119 bpm","0 m"
1/23/26,Cycling,"376" kcal, 0min,"13.1" mi,"0s","0 bpm","0 m"
1/26/26,Cycling,"369" kcal, 1hr 2min,"0" mi,"0s","111 bpm","0 m"
1/27/26,Cycling,"220" kcal, 43min,"0" mi,"0s","105 bpm","0 m"
1/28/26,Cycling,"218" kcal, 42min,"0" mi,"0s","112 bpm","0 m"
1/29/26,Cycling,"293" kcal, 54min,"0" mi,"0s","111 bpm","0 m"
2/1/26,Cycling,"246" kcal, 40min,"0" mi,"0s","116 bpm","0 m"
2/3/26,Cycling,"33" kcal, 6min,"0" mi,"0s","114 bpm","0 m"
2/4/26,Cycling,"105" kcal, 27min,"0" mi,"0s","92 bpm","0 m"
2/6/26,Cycling,"69" kcal, 10min,"0" mi,"0s","125 bpm","0 m"
2/10/26,Cycling,"300" kcal, 2hr 34min,"0" mi,"0s","104 bpm","0 m"
2/17/26,Cycling,"12" kcal, 1min,"0" mi,"0s","126 bpm","0 m"
2/17/26,Cycling,"64" kcal, 8min,"0" mi,"0s","131 bpm","0 m"
2/20/26,Cycling,"113" kcal, 20min,"0" mi,"0s","110 bpm","0 m"
2/23/26,Cycling,"96" kcal, 13min,"0" mi,"0s","130 bpm","0 m"
2/24/26,Cycling,"48" kcal, 12min,"0" mi,"0s","92 bpm","0 m"
2/24/26,Cycling,"59" kcal, 8min,"0" mi,"0s","122 bpm","0 m"
2/26/26,Cycling,"99" kcal, 21min,"0" mi,"0s","101 bpm","0 m"
2/26/26,Cycling,"14" kcal, 2min,"0" mi,"0s","113 bpm","0 m"
3/1/26,Cycling,"197" kcal, 35min,"0" mi,"0s","109 bpm","0 m"
3/3/26,Cycling,"150" kcal, 38min,"0" mi,"0s","98 bpm","0 m"
3/3/26,Cycling,"31" kcal, 7min,"0" mi,"0s","103 bpm","0 m"
3/11/26,Cycling,"204" kcal, 32min,"0" mi,"0s","118 bpm","0 m"
3/16/26,Cycling,"153" kcal, 32min,"0" mi,"0s","98 bpm","0 m"
3/17/26,Cycling,"95" kcal, 19min,"0" mi,"0s","114 bpm","0 m"
3/19/26,Cycling,"102" kcal, 21min,"0" mi,"0s","103 bpm","0 m"
3/23/26,Cycling,"26" kcal, 6min,"0" mi,"0s","96 bpm","0 m"
3/24/26,Cycling,"58" kcal, 14min,"0" mi,"0s","95 bpm","0 m"
3/30/26,Cycling,"159" kcal, 27min,"0" mi,"0s","112 bpm","0 m"
4/2/26,Cycling,"166" kcal, 30min,"0" mi,"0s","109 bpm","0 m"
4/6/26,Cycling,"217" kcal, 43min,"0" mi,"0s","104 bpm","0 m"
10/18/25,Traditional Strength Training,"3" kcal, 1min,"0" mi,"0s","0 bpm","0 m"
10/23/25,Traditional Strength Training,"500" kcal, 1min,"0" mi,"0s","77 bpm","0 m"
11/19/25,Traditional Strength Training,"8" kcal, 5min,"0" mi,"0s","109 bpm","0 m"
11/19/25,Traditional Strength Training,"154" kcal, 32min,"0" mi,"0s","112 bpm","0 m"
11/20/25,Traditional Strength Training,"136" kcal, 33min,"0" mi,"0s","101 bpm","0 m"
11/20/25,Traditional Strength Training,"90" kcal, 25min,"0" mi,"0s","96 bpm","0 m"
11/21/25,Traditional Strength Training,"118" kcal, 21min,"0" mi,"0s","118 bpm","0 m"
11/23/25,Traditional Strength Training,"36" kcal, 8min,"0" mi,"0s","85 bpm","0 m"
11/23/25,Traditional Strength Training,"15" kcal, 3min,"0" mi,"0s","87 bpm","0 m"
11/25/25,Traditional Strength Training,"218" kcal, 40min,"0" mi,"0s","108 bpm","0 m"
11/25/25,Traditional Strength Training,"108" kcal, 22min,"0" mi,"0s","109 bpm","0 m"
11/25/25,Traditional Strength Training,"22" kcal, 4min,"0" mi,"0s","115 bpm","0 m"
11/25/25,Traditional Strength Training,"44" kcal, 9min,"0" mi,"0s","110 bpm","0 m"
11/26/25,Traditional Strength Training,"78" kcal, 17min,"0" mi,"0s","98 bpm","0 m"
12/3/25,Traditional Strength Training,"58" kcal, 13min,"0" mi,"0s","113 bpm","0 m"
12/4/25,Traditional Strength Training,"41" kcal, 9min,"0" mi,"0s","108 bpm","0 m"
12/4/25,Traditional Strength Training,"10" kcal, 2min,"0" mi,"0s","110 bpm","0 m"
12/4/25,Traditional Strength Training,"95" kcal, 22min,"0" mi,"0s","98 bpm","0 m"
12/5/25,Traditional Strength Training,"63" kcal, 10min,"0" mi,"0s","120 bpm","0 m"
12/5/25,Traditional Strength Training,"1,020" kcal, 1day 10hr,"0" mi,"0s","82 bpm","0 m"
12/5/25,Traditional Strength Training,"41" kcal, 9min,"0" mi,"0s","108 bpm","0 m"
12/17/25,Traditional Strength Training,"67" kcal, 16min,"0" mi,"0s","102 bpm","0 m"
12/26/25,Traditional Strength Training,"50" kcal, 12min,"0" mi,"0s","94 bpm","0 m"
12/30/25,Traditional Strength Training,"16" kcal, 4min,"0" mi,"0s","78 bpm","0 m"
12/30/25,Traditional Strength Training,"109" kcal, 27min,"0" mi,"0s","83 bpm","0 m"
12/31/25,Traditional Strength Training,"19" kcal, 4min,"0" mi,"0s","76 bpm","0 m"
12/31/25,Traditional Strength Training,"115" kcal, 28min,"0" mi,"0s","78 bpm","0 m"
1/2/26,Traditional Strength Training,"121" kcal, 29min,"0" mi,"0s","84 bpm","0 m"
1/3/26,Traditional Strength Training,"39" kcal, 9min,"0" mi,"0s","82 bpm","0 m"
1/6/26,Traditional Strength Training,"0" kcal, 1hr 44min,"0" mi,"0s","84 bpm","0 m"
1/7/26,Traditional Strength Training,"6" kcal, 1min,"0" mi,"0s","101 bpm","0 m"
1/7/26,Traditional Strength Training,"135" kcal, 33min,"0" mi,"0s","96 bpm","0 m"
1/8/26,Traditional Strength Training,"21" kcal, 5min,"0" mi,"0s","93 bpm","0 m"
1/8/26,Traditional Strength Training,"128" kcal, 31min,"0" mi,"0s","90 bpm","0 m"
1/9/26,Traditional Strength Training,"20" kcal, 5min,"0" mi,"0s","104 bpm","0 m"
1/10/26,Traditional Strength Training,"36" kcal, 9min,"0" mi,"0s","95 bpm","0 m"
1/12/26,Traditional Strength Training,"58" kcal, 14min,"0" mi,"0s","99 bpm","0 m"
1/13/26,Traditional Strength Training,"14" kcal, 3min,"0" mi,"0s","78 bpm","0 m"
1/15/26,Traditional Strength Training,"105" kcal, 45min,"0" mi,"0s","87 bpm","0 m"
1/16/26,Traditional Strength Training,"61" kcal, 15min,"0" mi,"0s","106 bpm","0 m"
1/16/26,Traditional Strength Training,"160" kcal, 30min,"0" mi,"0s","98 bpm","0 m"
1/18/26,Traditional Strength Training,"17" kcal, 4min,"0" mi,"0s","85 bpm","0 m"
1/20/26,Traditional Strength Training,"150" kcal, 36min,"0" mi,"0s","90 bpm","0 m"
1/21/26,Traditional Strength Training,"21" kcal, 5min,"0" mi,"0s","0 bpm","0 m"
1/22/26,Traditional Strength Training,"37" kcal, 9min,"0" mi,"0s","101 bpm","0 m"
1/26/26,Traditional Strength Training,"95" kcal, 30min,"0" mi,"0s","78 bpm","0 m"
1/27/26,Traditional Strength Training,"97" kcal, 24min,"0" mi,"0s","93 bpm","0 m"
1/28/26,Traditional Strength Training,"110" kcal, 35min,"0" mi,"0s","119 bpm","0 m"
1/29/26,Traditional Strength Training,"60" kcal, 10min,"0" mi,"0s","118 bpm","0 m"
1/29/26,Traditional Strength Training,"89" kcal, 21min,"0" mi,"0s","106 bpm","0 m"
2/2/26,Traditional Strength Training,"120" kcal, 20min,"0" mi,"0s","78 bpm","0 m"
2/3/26,Traditional Strength Training,"100" kcal, 40min,"0" mi,"0s","74 bpm","0 m"
2/4/26,Traditional Strength Training,"132" kcal, 33min,"0" mi,"0s","90 bpm","0 m"
2/5/26,Traditional Strength Training,"200" kcal, 29min,"0" mi,"0s","102 bpm","0 m"
2/5/26,Traditional Strength Training,"311" kcal, 0min,"0" mi,"0s","0 bpm","0 m"
2/6/26,Traditional Strength Training,"71" kcal, 27min,"0" mi,"0s","111 bpm","0 m"
2/7/26,Traditional Strength Training,"181" kcal, 15min,"0" mi,"0s","123 bpm","0 m"
2/10/26,Traditional Strength Training,"225" kcal, 35min,"0" mi,"0s","77 bpm","0 m"
2/11/26,Traditional Strength Training,"140" kcal, 35min,"0" mi,"0s","111 bpm","0 m"
2/12/26,Traditional Strength Training,"257" kcal, 45min,"0" mi,"0s","97 bpm","0 m"
2/12/26,Traditional Strength Training,"248" kcal, 1hr 3min,"0" mi,"0s","98 bpm","0 m"
2/17/26,Traditional Strength Training,"35" kcal, 6min,"0" mi,"0s","118 bpm","0 m"
2/19/26,Traditional Strength Training,"105" kcal, 25min,"0" mi,"0s","107 bpm","0 m"
2/20/26,Traditional Strength Training,"82" kcal, 20min,"0" mi,"0s","103 bpm","0 m"
2/23/26,Traditional Strength Training,"101" kcal, 25min,"0" mi,"0s","109 bpm","0 m"
2/24/26,Traditional Strength Training,"345" kcal, 1hr 8min,"0" mi,"0s","113 bpm","0 m"
2/26/26,Traditional Strength Training,"266" kcal, 1hr 6min,"0" mi,"0s","106 bpm","0 m"
3/2/26,Traditional Strength Training,"139" kcal, 34min,"0" mi,"0s","106 bpm","0 m"
3/3/26,Traditional Strength Training,"306" kcal, 1hr 6min,"0" mi,"0s","110 bpm","0 m"
3/4/26,Traditional Strength Training,"198" kcal, 40min,"0" mi,"0s","115 bpm","0 m"
3/5/26,Traditional Strength Training,"283" kcal, 1hr 11min,"0" mi,"0s","97 bpm","0 m"
3/11/26,Traditional Strength Training,"111" kcal, 20min,"0" mi,"0s","118 bpm","0 m"
3/12/26,Traditional Strength Training,"146" kcal, 35min,"0" mi,"0s","105 bpm","0 m"
3/16/26,Traditional Strength Training,"176" kcal, 42min,"0" mi,"0s","95 bpm","0 m"
3/17/26,Traditional Strength Training,"339" kcal, 1hr 2min,"0" mi,"0s","119 bpm","0 m"
3/19/26,Traditional Strength Training,"276" kcal, 1hr 3min,"0" mi,"0s","111 bpm","0 m"
3/23/26,Traditional Strength Training,"151" kcal, 38min,"0" mi,"0s","88 bpm","0 m"
3/24/26,Traditional Strength Training,"41" kcal, 10min,"0" mi,"0s","83 bpm","0 m"
3/24/26,Traditional Strength Training,"308" kcal, 1hr 4min,"0" mi,"0s","112 bpm","0 m"
3/29/26,Traditional Strength Training,"72" kcal, 17min,"0" mi,"0s","103 bpm","0 m"
3/30/26,Traditional Strength Training,"164" kcal, 41min,"0" mi,"0s","101 bpm","0 m"
3/31/26,Traditional Strength Training,"374" kcal, 1hr 25min,"0" mi,"0s","109 bpm","0 m"
4/2/26,Traditional Strength Training,"263" kcal, 1hr 2min,"0" mi,"0s","107 bpm","0 m"
4/3/26,Traditional Strength Training,"201" kcal, 49min,"0" mi,"0s","107 bpm","0 m"
4/6/26,Traditional Strength Training,"85" kcal, 21min,"0" mi,"0s","91 bpm","0 m"
